{"cameraMode":{"drawMode":0,"name":"Shaded","section":"Shading Mode"},"sceneLighting":false,"audioPlay":false,"sceneViewState":{"m_AlwaysRefresh":true,"showFog":true,"showSkybox":false,"showFlares":true,"showImageEffects":true,"showParticleSystems":true,"showVisualEffectGraphs":true,"m_FxEnabled":true},"in2DMode":false,"pivot":{"x":-0.7875800132751465,"y":-0.012821242213249207,"z":0.39022669196128847},"rotation":{"x":0.1928488165140152,"y":0.32000425457954409,"z":-0.06670253723859787,"w":0.925188422203064},"size":0.39202743768692019,"orthographic":false}